id,original_review,label,sentiment,cleaned_review,summary,predicted_sentiment,feedback_on_plot,feedback_on_acting,feedback_on_cinematography,feedback_on_soundtrack,useful_feedback
9976970,아 더빙.. 진짜 짜증나네요 목소리,0,negative,아 더빙.. 진짜 짜증나네요 목소리,아 더빙.. 진짜 짜증나네요 목소리,0 (0.999),진짜 짜증나네요 목소리 / 관련도 점수: 0.505,,,진짜 짜증나네요 목소리 / 관련도 점수: 0.362,"이 리뷰는 plot, soundtrack에 대한 의견을 포함하며, 전체 감성은 0로 분석되었습니다. 핵심 의견: 아 더빙.. 진짜 짜증나네요 목소리"
3819312,흠...포스터보고 초딩영화줄....오버연기조차 가볍지 않구나,1,positive,흠...포스터보고 초딩영화줄....오버연기조차 가볍지 않구나,흠...포스터보고 초딩영화줄....오버연기조차 가볍지 않구나,1 (0.993),흠 / 관련도 점수: 0.368 | 포스터보고 초딩영화줄 / 관련도 점수: 0.814 | 오버연기조차 가볍지 않구나 / 관련도 점수: 0.732,오버연기조차 가볍지 않구나 / 관련도 점수: 0.969,포스터보고 초딩영화줄 / 관련도 점수: 0.987 | 오버연기조차 가볍지 않구나 / 관련도 점수: 0.733,오버연기조차 가볍지 않구나 / 관련도 점수: 0.527,"이 리뷰는 plot, acting, cinematography, soundtrack에 대한 의견을 포함하며, 전체 감성은 1로 분석되었습니다. 핵심 의견: 흠...포스터보고 초딩영화줄....오버연기조차 가볍지 않구나"
10265843,너무재밓었다그래서보는것을추천한다,0,negative,너무재밓었다그래서보는것을추천한다,너무재밓었다그래서보는것을추천한다,1 (0.586),,너무재밓었다그래서보는것을추천한다 / 관련도 점수: 0.552,너무재밓었다그래서보는것을추천한다 / 관련도 점수: 0.494,,"이 리뷰는 acting, cinematography에 대한 의견을 포함하며, 전체 감성은 1로 분석되었습니다. 핵심 의견: 너무재밓었다그래서보는것을추천한다"
9045019,교도소 이야기구먼 ..솔직히 재미는 없다..평점 조정,0,negative,교도소 이야기구먼 ..솔직히 재미는 없다..평점 조정,교도소 이야기구먼 ..솔직히 재미는 없다..평점 조정,0 (0.999),교도소 이야기구먼 / 관련도 점수: 0.981 | 솔직히 재미는 없다 / 관련도 점수: 0.637,,,,"이 리뷰는 plot에 대한 의견을 포함하며, 전체 감성은 0로 분석되었습니다. 핵심 의견: 교도소 이야기구먼 ..솔직히 재미는 없다..평점 조정"
6483659,사이몬페그의 익살스런 연기가 돋보였던 영화!스파이더맨에서 늙어보이기만 했던 커스틴 던스트가 너무나도 이뻐보였다,1,positive,사이몬페그의 익살스런 연기가 돋보였던 영화!스파이더맨에서 늙어보이기만 했던 커스틴 던스트가 너무나도 이뻐보였다,사이몬페그의 익살스런 연기가 돋보였던 영화!스파이더맨에서 늙어보이기만 했던 커스틴 던스트가 너무나도 이뻐보였다,1 (0.999),사이몬페그의 익살스런 연기가 돋보였던 영화 / 관련도 점수: 0.867 | 스파이더맨에서 늙어보이기만 했던 커스틴 던스트가 너무나도 이뻐보였다 / 관련도 점수: 0.649,사이몬페그의 익살스런 연기가 돋보였던 영화 / 관련도 점수: 0.999 | 스파이더맨에서 늙어보이기만 했던 커스틴 던스트가 너무나도 이뻐보였다 / 관련도 점수: 0.816,사이몬페그의 익살스런 연기가 돋보였던 영화 / 관련도 점수: 0.988 | 스파이더맨에서 늙어보이기만 했던 커스틴 던스트가 너무나도 이뻐보였다 / 관련도 점수: 0.83,스파이더맨에서 늙어보이기만 했던 커스틴 던스트가 너무나도 이뻐보였다 / 관련도 점수: 0.416,"이 리뷰는 plot, acting, cinematography, soundtrack에 대한 의견을 포함하며, 전체 감성은 1로 분석되었습니다. 핵심 의견: 사이몬페그의 익살스런 연기가 돋보였던 영화!스파이더맨에서 늙어보이기만 했던 커스틴 던스트가 너무나도 이뻐보였다"
5403919,막 걸음마 뗀 3세부터 초등학교 1학년생인 8살용영화.ㅋㅋㅋ...별반개도 아까움.,0,negative,막 걸음마 뗀 3세부터 초등학교 1학년생인 8살용영화....별반개도 아까움.,막 걸음마 뗀 3세부터 초등학교 1학년생인 8살용영화....별반개도 아까움.,0 (1.0),막 걸음마 뗀 3세부터 초등학교 1학년생인 8살용영화 / 관련도 점수: 0.501,,막 걸음마 뗀 3세부터 초등학교 1학년생인 8살용영화 / 관련도 점수: 0.922,,"이 리뷰는 plot, cinematography에 대한 의견을 포함하며, 전체 감성은 0로 분석되었습니다. 핵심 의견: 막 걸음마 뗀 3세부터 초등학교 1학년생인 8살용영화....별반개도 아까움."
7797314,원작의 긴장감을 제대로 살려내지못했다.,0,negative,원작의 긴장감을 제대로 살려내지못했다.,원작의 긴장감을 제대로 살려내지못했다.,0 (0.999),원작의 긴장감을 제대로 살려내지못했다 / 관련도 점수: 0.979,원작의 긴장감을 제대로 살려내지못했다 / 관련도 점수: 0.65,원작의 긴장감을 제대로 살려내지못했다 / 관련도 점수: 0.753,,"이 리뷰는 plot, acting, cinematography에 대한 의견을 포함하며, 전체 감성은 0로 분석되었습니다. 핵심 의견: 원작의 긴장감을 제대로 살려내지못했다."
9443947,별 반개도 아깝다 욕나온다 이응경 길용우 연기생활이몇년인지..정말 발로해도 그것보단 낫겟다 납치.감금만반복반복..이드라마는 가족도없다 연기못하는사람만모엿네,0,negative,별 반개도 아깝다 욕나온다 이응경 길용우 연기생활이몇년인지..정말 발로해도 그것보단 낫겟다 납치.감금만반복반복..이드라마는 가족도없다 연기못하는사람만모엿네,별 반개도 아깝다 욕나온다 이응경 길용우 연기생활이몇년인지..정말 발로해도 그것보단 낫겟다 납치.감금만반복반복..이드라마는 가족도없다 연기못하는사람만모엿네,0 (1.0),정말 발로해도 그것보단 낫겟다 납치 / 관련도 점수: 0.904 | 감금만반복반복 / 관련도 점수: 0.501 | 이드라마는 가족도없다 연기못하는사람만모엿네 / 관련도 점수: 0.562,별 반개도 아깝다 욕나온다 이응경 길용우 연기생활이몇년인지 / 관련도 점수: 0.962 | 정말 발로해도 그것보단 낫겟다 납치 / 관련도 점수: 0.967 | 이드라마는 가족도없다 연기못하는사람만모엿네 / 관련도 점수: 0.484,별 반개도 아깝다 욕나온다 이응경 길용우 연기생활이몇년인지 / 관련도 점수: 0.94 | 이드라마는 가족도없다 연기못하는사람만모엿네 / 관련도 점수: 0.794,감금만반복반복 / 관련도 점수: 0.672,"이 리뷰는 plot, acting, cinematography, soundtrack에 대한 의견을 포함하며, 전체 감성은 0로 분석되었습니다. 핵심 의견: 별 반개도 아깝다 욕나온다 이응경 길용우 연기생활이몇년인지..정말 발로해도 그것보단 낫겟다 납치.감금만반복반복..이드라마는 가족도없다 연기못하는사람만모엿네"
7156791,액션이 없는데도 재미 있는 몇안되는 영화,1,positive,액션이 없는데도 재미 있는 몇안되는 영화,액션이 없는데도 재미 있는 몇안되는 영화,1 (0.999),액션이 없는데도 재미 있는 몇안되는 영화 / 관련도 점수: 0.496,,액션이 없는데도 재미 있는 몇안되는 영화 / 관련도 점수: 0.772,,"이 리뷰는 plot, cinematography에 대한 의견을 포함하며, 전체 감성은 1로 분석되었습니다. 핵심 의견: 액션이 없는데도 재미 있는 몇안되는 영화"
5912145,왜케 평점이 낮은건데? 꽤 볼만한데.. 헐리우드식 화려함에만 너무 길들여져 있나?,1,positive,왜케 평점이 낮은건데? 꽤 볼만한데.. 헐리우드식 화려함에만 너무 길들여져 있나?,왜케 평점이 낮은건데? 꽤 볼만한데.. 헐리우드식 화려함에만 너무 길들여져 있나?,1 (0.999),꽤 볼만한데 / 관련도 점수: 0.37,꽤 볼만한데 / 관련도 점수: 0.63,꽤 볼만한데 / 관련도 점수: 0.695 | 헐리우드식 화려함에만 너무 길들여져 있나 / 관련도 점수: 0.963,,"이 리뷰는 plot, acting, cinematography에 대한 의견을 포함하며, 전체 감성은 1로 분석되었습니다. 핵심 의견: 왜케 평점이 낮은건데? 꽤 볼만한데.. 헐리우드식 화려함에만 너무 길들여져 있나?"
9008700,걍인피니트가짱이다.진짜짱이다♥,1,positive,걍인피니트가짱이다.진짜짱이다♥,걍인피니트가짱이다.진짜짱이다♥,1 (0.966),걍인피니트가짱이다 / 관련도 점수: 0.515 | 진짜짱이다♥ / 관련도 점수: 0.652,진짜짱이다♥ / 관련도 점수: 0.66,걍인피니트가짱이다 / 관련도 점수: 0.88 | 진짜짱이다♥ / 관련도 점수: 0.439,,"이 리뷰는 plot, acting, cinematography에 대한 의견을 포함하며, 전체 감성은 1로 분석되었습니다. 핵심 의견: 걍인피니트가짱이다.진짜짱이다♥"
10217543,볼때마다 눈물나서 죽겠다90년대의 향수자극!!허진호는 감성절제멜로의 달인이다~,1,positive,볼때마다 눈물나서 죽겠다90년대의 향수자극!!허진호는 감성절제멜로의 달인이다~,볼때마다 눈물나서 죽겠다90년대의 향수자극!!허진호는 감성절제멜로의 달인이다~,1 (0.999),볼때마다 눈물나서 죽겠다90년대의 향수자극 / 관련도 점수: 0.709 | 허진호는 감성절제멜로의 달인이다~ / 관련도 점수: 0.795,허진호는 감성절제멜로의 달인이다~ / 관련도 점수: 0.495,볼때마다 눈물나서 죽겠다90년대의 향수자극 / 관련도 점수: 0.762 | 허진호는 감성절제멜로의 달인이다~ / 관련도 점수: 0.641,볼때마다 눈물나서 죽겠다90년대의 향수자극 / 관련도 점수: 0.641 | 허진호는 감성절제멜로의 달인이다~ / 관련도 점수: 0.717,"이 리뷰는 plot, acting, cinematography, soundtrack에 대한 의견을 포함하며, 전체 감성은 1로 분석되었습니다. 핵심 의견: 볼때마다 눈물나서 죽겠다90년대의 향수자극!!허진호는 감성절제멜로의 달인이다~"
5957425,울면서 손들고 횡단보도 건널때 뛰쳐나올뻔 이범수 연기 드럽게못해,0,negative,울면서 손들고 횡단보도 건널때 뛰쳐나올뻔 이범수 연기 드럽게못해,울면서 손들고 횡단보도 건널때 뛰쳐나올뻔 이범수 연기 드럽게못해,0 (0.991),울면서 손들고 횡단보도 건널때 뛰쳐나올뻔 이범수 연기 드럽게못해 / 관련도 점수: 0.828,울면서 손들고 횡단보도 건널때 뛰쳐나올뻔 이범수 연기 드럽게못해 / 관련도 점수: 0.973,울면서 손들고 횡단보도 건널때 뛰쳐나올뻔 이범수 연기 드럽게못해 / 관련도 점수: 0.894,울면서 손들고 횡단보도 건널때 뛰쳐나올뻔 이범수 연기 드럽게못해 / 관련도 점수: 0.434,"이 리뷰는 plot, acting, cinematography, soundtrack에 대한 의견을 포함하며, 전체 감성은 0로 분석되었습니다. 핵심 의견: 울면서 손들고 횡단보도 건널때 뛰쳐나올뻔 이범수 연기 드럽게못해"
8628627,담백하고 깔끔해서 좋다. 신문기사로만 보다 보면 자꾸 잊어버린다. 그들도 사람이었다는 것을.,1,positive,담백하고 깔끔해서 좋다. 신문기사로만 보다 보면 자꾸 잊어버린다. 그들도 사람이었다는 것을.,담백하고 깔끔해서 좋다. 신문기사로만 보다 보면 자꾸 잊어버린다. 그들도 사람이었다는 것을.,1 (0.999),,담백하고 깔끔해서 좋다 / 관련도 점수: 0.377 | 그들도 사람이었다는 것을 / 관련도 점수: 0.79,,담백하고 깔끔해서 좋다 / 관련도 점수: 0.359,"이 리뷰는 acting, soundtrack에 대한 의견을 포함하며, 전체 감성은 1로 분석되었습니다. 핵심 의견: 담백하고 깔끔해서 좋다. 신문기사로만 보다 보면 자꾸 잊어버린다. 그들도 사람이었다는 것을."
9864035,취향은 존중한다지만 진짜 내생에 극장에서 본 영화중 가장 노잼 노감동임 스토리도 어거지고 감동도 어거지,0,negative,취향은 존중한다지만 진짜 내생에 극장에서 본 영화중 가장 노잼 노감동임 스토리도 어거지고 감동도 어거지,취향은 존중한다지만 진짜 내생에 극장에서 본 영화중 가장 노잼 노감동임 스토리도 어거지고 감동도 어거지,0 (1.0),취향은 존중한다지만 진짜 내생에 극장에서 본 영화중 가장 노잼 노감동임 스토리도 어거지고 감동도 어거지 / 관련도 점수: 0.966,,취향은 존중한다지만 진짜 내생에 극장에서 본 영화중 가장 노잼 노감동임 스토리도 어거지고 감동도 어거지 / 관련도 점수: 0.849,,"이 리뷰는 plot, cinematography에 대한 의견을 포함하며, 전체 감성은 0로 분석되었습니다. 핵심 의견: 취향은 존중한다지만 진짜 내생에 극장에서 본 영화중 가장 노잼 노감동임 스토리도 어거지고 감동도 어거지"
6852435,ㄱ냥 매번 긴장되고 재밋음ㅠㅠ,1,positive,ㄱ냥 매번 긴장되고 재밋음ㅠㅠ,ㄱ냥 매번 긴장되고 재밋음ㅠㅠ,1 (0.999),,ㄱ냥 매번 긴장되고 재밋음ㅠㅠ / 관련도 점수: 0.734,,,"이 리뷰는 acting에 대한 의견을 포함하며, 전체 감성은 1로 분석되었습니다. 핵심 의견: ㄱ냥 매번 긴장되고 재밋음ㅠㅠ"
9143163,참 사람들 웃긴게 바스코가 이기면 락스코라고 까고바비가 이기면 아이돌이라고 깐다.그냥 까고싶어서 안달난것처럼 보인다,1,positive,참 사람들 웃긴게 바스코가 이기면 락스코라고 까고바비가 이기면 아이돌이라고 깐다.그냥 까고싶어서 안달난것처럼 보인다,참 사람들 웃긴게 바스코가 이기면 락스코라고 까고바비가 이기면 아이돌이라고 깐다.그냥 까고싶어서 안달난것처럼 보인다,1 (0.878),참 사람들 웃긴게 바스코가 이기면 락스코라고 까고바비가 이기면 아이돌이라고 깐다 / 관련도 점수: 0.744,참 사람들 웃긴게 바스코가 이기면 락스코라고 까고바비가 이기면 아이돌이라고 깐다 / 관련도 점수: 0.51,,참 사람들 웃긴게 바스코가 이기면 락스코라고 까고바비가 이기면 아이돌이라고 깐다 / 관련도 점수: 0.805,"이 리뷰는 plot, acting, soundtrack에 대한 의견을 포함하며, 전체 감성은 1로 분석되었습니다. 핵심 의견: 참 사람들 웃긴게 바스코가 이기면 락스코라고 까고바비가 이기면 아이돌이라고 깐다.그냥 까고싶어서 안달난것처럼 보인다"
4891476,굿바이 레닌 표절인것은 이해하는데 왜 뒤로 갈수록 재미없어지냐,0,negative,굿바이 레닌 표절인것은 이해하는데 왜 뒤로 갈수록 재미없어지냐,굿바이 레닌 표절인것은 이해하는데 왜 뒤로 갈수록 재미없어지냐,0 (1.0),굿바이 레닌 표절인것은 이해하는데 왜 뒤로 갈수록 재미없어지냐 / 관련도 점수: 0.937,굿바이 레닌 표절인것은 이해하는데 왜 뒤로 갈수록 재미없어지냐 / 관련도 점수: 0.944,,,"이 리뷰는 plot, acting에 대한 의견을 포함하며, 전체 감성은 0로 분석되었습니다. 핵심 의견: 굿바이 레닌 표절인것은 이해하는데 왜 뒤로 갈수록 재미없어지냐"
7465483,이건 정말 깨알 캐스팅과 질퍽하지않은 산뜻한 내용구성이 잘 버무러진 깨알일드!!♥,1,positive,이건 정말 깨알 캐스팅과 질퍽하지않은 산뜻한 내용구성이 잘 버무러진 깨알일드!!♥,이건 정말 깨알 캐스팅과 질퍽하지않은 산뜻한 내용구성이 잘 버무러진 깨알일드!!♥,1 (1.0),이건 정말 깨알 캐스팅과 질퍽하지않은 산뜻한 내용구성이 잘 버무러진 깨알일드 / 관련도 점수: 0.996 | ♥ / 관련도 점수: 0.44,이건 정말 깨알 캐스팅과 질퍽하지않은 산뜻한 내용구성이 잘 버무러진 깨알일드 / 관련도 점수: 0.511,이건 정말 깨알 캐스팅과 질퍽하지않은 산뜻한 내용구성이 잘 버무러진 깨알일드 / 관련도 점수: 0.992,이건 정말 깨알 캐스팅과 질퍽하지않은 산뜻한 내용구성이 잘 버무러진 깨알일드 / 관련도 점수: 0.885,"이 리뷰는 plot, acting, cinematography, soundtrack에 대한 의견을 포함하며, 전체 감성은 1로 분석되었습니다. 핵심 의견: 이건 정말 깨알 캐스팅과 질퍽하지않은 산뜻한 내용구성이 잘 버무러진 깨알일드!!♥"
3989148,"약탈자를 위한 변명, 이라. 저놈들은 착한놈들 절대 아닌걸요.",1,positive,"약탈자를 위한 변명, 이라. 저놈들은 착한놈들 절대 아닌걸요.","약탈자를 위한 변명, 이라. 저놈들은 착한놈들 절대 아닌걸요.",1 (0.996),약탈자를 위한 변명 / 관련도 점수: 0.925 | 이라 / 관련도 점수: 0.437 | 저놈들은 착한놈들 절대 아닌걸요 / 관련도 점수: 0.897,이라 / 관련도 점수: 0.358 | 저놈들은 착한놈들 절대 아닌걸요 / 관련도 점수: 0.732,저놈들은 착한놈들 절대 아닌걸요 / 관련도 점수: 0.574,저놈들은 착한놈들 절대 아닌걸요 / 관련도 점수: 0.587,"이 리뷰는 plot, acting, cinematography, soundtrack에 대한 의견을 포함하며, 전체 감성은 1로 분석되었습니다. 핵심 의견: 약탈자를 위한 변명, 이라. 저놈들은 착한놈들 절대 아닌걸요."
4581211,나름 심오한 뜻도 있는 듯. 그냥 학생이 선생과 놀아나는 영화는 절대 아님,1,positive,나름 심오한 뜻도 있는 듯. 그냥 학생이 선생과 놀아나는 영화는 절대 아님,나름 심오한 뜻도 있는 듯. 그냥 학생이 선생과 놀아나는 영화는 절대 아님,1 (0.997),나름 심오한 뜻도 있는 듯 / 관련도 점수: 0.48 | 그냥 학생이 선생과 놀아나는 영화는 절대 아님 / 관련도 점수: 0.963,그냥 학생이 선생과 놀아나는 영화는 절대 아님 / 관련도 점수: 0.89,그냥 학생이 선생과 놀아나는 영화는 절대 아님 / 관련도 점수: 0.962,,"이 리뷰는 plot, acting, cinematography에 대한 의견을 포함하며, 전체 감성은 1로 분석되었습니다. 핵심 의견: 나름 심오한 뜻도 있는 듯. 그냥 학생이 선생과 놀아나는 영화는 절대 아님"
2718894,보면서 웃지 않는 건 불가능하다,1,positive,보면서 웃지 않는 건 불가능하다,보면서 웃지 않는 건 불가능하다,1 (0.984),,보면서 웃지 않는 건 불가능하다 / 관련도 점수: 0.625,보면서 웃지 않는 건 불가능하다 / 관련도 점수: 0.715,,"이 리뷰는 acting, cinematography에 대한 의견을 포함하며, 전체 감성은 1로 분석되었습니다. 핵심 의견: 보면서 웃지 않는 건 불가능하다"
9705777,"재미없다 지루하고. 같은 음식 영화인데도 바베트의 만찬하고 넘 차이남....바베트의 만찬은 이야기도 있고 음식 보는재미도 있는데 ; 이건 볼게없다 음식도 별로 안나오고, 핀란드 풍경이라도 구경할랫는데 그것도 별로 안나옴 ㅡㅡ",0,negative,"재미없다 지루하고. 같은 음식 영화인데도 바베트의 만찬하고 넘 차이남....바베트의 만찬은 이야기도 있고 음식 보는재미도 있는데 ; 이건 볼게없다 음식도 별로 안나오고, 핀란드 풍경이라도 구경할랫는데 그것도 별로 안나옴 ㅡㅡ","재미없다 지루하고. 같은 음식 영화인데도 바베트의 만찬하고 넘 차이남....바베트의 만찬은 이야기도 있고 음식 보는재미도 있는데 ; 이건 볼게없다 음식도 별로 안나오고, 핀란드 풍경이라도 구경할랫는데 그것도 별로 안나옴 ㅡㅡ",0 (1.0),같은 음식 영화인데도 바베트의 만찬하고 넘 차이남 / 관련도 점수: 0.842,,재미없다 지루하고 / 관련도 점수: 0.471 | 같은 음식 영화인데도 바베트의 만찬하고 넘 차이남 / 관련도 점수: 0.981,,"이 리뷰는 plot, cinematography에 대한 의견을 포함하며, 전체 감성은 0로 분석되었습니다. 핵심 의견: 재미없다 지루하고. 같은 음식 영화인데도 바베트의 만찬하고 넘 차이남....바베트의 만찬은 이야기도 있고 음식 보는재미도 있는데 ; 이건 볼게없다 음식도 별로 안나오고, 핀란드 풍경이라도 구경할랫는데 그것도 별로 안나옴 ㅡㅡ"
471131,절대 평범한 영화가 아닌 수작이라는걸 말씀드립니다.,1,positive,절대 평범한 영화가 아닌 수작이라는걸 말씀드립니다.,절대 평범한 영화가 아닌 수작이라는걸 말씀드립니다.,1 (0.999),절대 평범한 영화가 아닌 수작이라는걸 말씀드립니다 / 관련도 점수: 0.761,절대 평범한 영화가 아닌 수작이라는걸 말씀드립니다 / 관련도 점수: 0.398,절대 평범한 영화가 아닌 수작이라는걸 말씀드립니다 / 관련도 점수: 0.905,,"이 리뷰는 plot, acting, cinematography에 대한 의견을 포함하며, 전체 감성은 1로 분석되었습니다. 핵심 의견: 절대 평범한 영화가 아닌 수작이라는걸 말씀드립니다."
8480268,주제는 좋은데 중반부터 지루하다,0,negative,주제는 좋은데 중반부터 지루하다,주제는 좋은데 중반부터 지루하다,0 (0.999),,,,,"이 리뷰는 특정 영화 요소가 뚜렷하게 감지되지 않음에 대한 의견을 포함하며, 전체 감성은 0로 분석되었습니다. 핵심 의견: 주제는 좋은데 중반부터 지루하다"
4254115,다 짤랐을꺼야. 그래서 납득할 수 없었던거야.. 그럴꺼야.. 꼭 그랬던걸꺼야..,0,negative,다 짤랐을꺼야. 그래서 납득할 수 없었던거야.. 그럴꺼야.. 꼭 그랬던걸꺼야..,다 짤랐을꺼야. 그래서 납득할 수 없었던거야.. 그럴꺼야.. 꼭 그랬던걸꺼야..,0 (0.995),다 짤랐을꺼야 / 관련도 점수: 0.7 | 그래서 납득할 수 없었던거야 / 관련도 점수: 0.389 | 그럴꺼야 / 관련도 점수: 0.439 | 꼭 그랬던걸꺼야 / 관련도 점수: 0.483,다 짤랐을꺼야 / 관련도 점수: 0.399 | 그럴꺼야 / 관련도 점수: 0.664 | 꼭 그랬던걸꺼야 / 관련도 점수: 0.763,다 짤랐을꺼야 / 관련도 점수: 0.486 | 그래서 납득할 수 없었던거야 / 관련도 점수: 0.421 | 그럴꺼야 / 관련도 점수: 0.446 | 꼭 그랬던걸꺼야 / 관련도 점수: 0.501,다 짤랐을꺼야 / 관련도 점수: 0.722,"이 리뷰는 plot, acting, cinematography, soundtrack에 대한 의견을 포함하며, 전체 감성은 0로 분석되었습니다. 핵심 의견: 다 짤랐을꺼야. 그래서 납득할 수 없었던거야.. 그럴꺼야.. 꼭 그랬던걸꺼야.."
7295746,kl2g 고추를 털어버려야 할텐데,1,positive,kl2g 고추를 털어버려야 할텐데,kl2g 고추를 털어버려야 할텐데,1 (0.963),kl2g 고추를 털어버려야 할텐데 / 관련도 점수: 0.555,kl2g 고추를 털어버려야 할텐데 / 관련도 점수: 0.853,,,"이 리뷰는 plot, acting에 대한 의견을 포함하며, 전체 감성은 1로 분석되었습니다. 핵심 의견: kl2g 고추를 털어버려야 할텐데"
5457633,카밀라벨 발연기,0,negative,카밀라벨 발연기,카밀라벨 발연기,0 (0.999),카밀라벨 발연기 / 관련도 점수: 0.61,카밀라벨 발연기 / 관련도 점수: 0.361,카밀라벨 발연기 / 관련도 점수: 0.857,,"이 리뷰는 plot, acting, cinematography에 대한 의견을 포함하며, 전체 감성은 0로 분석되었습니다. 핵심 의견: 카밀라벨 발연기"
6091784,재밋는뎅,1,positive,재밋는뎅,재밋는뎅,1 (0.983),재밋는뎅 / 관련도 점수: 0.391,재밋는뎅 / 관련도 점수: 0.757,,재밋는뎅 / 관련도 점수: 0.378,"이 리뷰는 plot, acting, soundtrack에 대한 의견을 포함하며, 전체 감성은 1로 분석되었습니다. 핵심 의견: 재밋는뎅"
8322926,센스있는 연출력..탁월한 캐스팅..90년대의 향수.. 그래서 9점..,1,positive,센스있는 연출력..탁월한 캐스팅..90년대의 향수.. 그래서 9점..,센스있는 연출력..탁월한 캐스팅..90년대의 향수.. 그래서 9점..,1 (0.999),센스있는 연출력 / 관련도 점수: 0.455 | 탁월한 캐스팅 / 관련도 점수: 0.461 | 90년대의 향수 / 관련도 점수: 0.747 | 그래서 9점 / 관련도 점수: 0.422,탁월한 캐스팅 / 관련도 점수: 0.87 | 그래서 9점 / 관련도 점수: 0.355,센스있는 연출력 / 관련도 점수: 0.944 | 탁월한 캐스팅 / 관련도 점수: 0.964,90년대의 향수 / 관련도 점수: 0.802,"이 리뷰는 plot, acting, cinematography, soundtrack에 대한 의견을 포함하며, 전체 감성은 1로 분석되었습니다. 핵심 의견: 센스있는 연출력..탁월한 캐스팅..90년대의 향수.. 그래서 9점.."
6331922,엄포스의 위력을 다시 한번 깨닫게 해준 적.남 꽃검사님도 연기 정말 좋았어요! 완전 명품드라마!,1,positive,엄포스의 위력을 다시 한번 깨닫게 해준 적.남 꽃검사님도 연기 정말 좋았어요! 완전 명품드라마!,엄포스의 위력을 다시 한번 깨닫게 해준 적.남 꽃검사님도 연기 정말 좋았어요! 완전 명품드라마!,1 (0.999),엄포스의 위력을 다시 한번 깨닫게 해준 적 / 관련도 점수: 0.62 | 남 꽃검사님도 연기 정말 좋았어요 / 관련도 점수: 0.986 | 완전 명품드라마 / 관련도 점수: 0.868,엄포스의 위력을 다시 한번 깨닫게 해준 적 / 관련도 점수: 0.512 | 남 꽃검사님도 연기 정말 좋았어요 / 관련도 점수: 0.999,남 꽃검사님도 연기 정말 좋았어요 / 관련도 점수: 0.998,,"이 리뷰는 plot, acting, cinematography에 대한 의견을 포함하며, 전체 감성은 1로 분석되었습니다. 핵심 의견: 엄포스의 위력을 다시 한번 깨닫게 해준 적.남 꽃검사님도 연기 정말 좋았어요! 완전 명품드라마!"
9005897,졸쓰레기 진부하고말도안됌ㅋㅋ 아..시간아까워,0,negative,졸쓰레기 진부하고말도안됌 아..시간아까워,졸쓰레기 진부하고말도안됌 아..시간아까워,0 (0.999),졸쓰레기 진부하고말도안됌 아 / 관련도 점수: 0.489 | 시간아까워 / 관련도 점수: 0.374,,,,"이 리뷰는 plot에 대한 의견을 포함하며, 전체 감성은 0로 분석되었습니다. 핵심 의견: 졸쓰레기 진부하고말도안됌 아..시간아까워"
164908,재밌는데 별점이 왜이리 낮은고,1,positive,재밌는데 별점이 왜이리 낮은고,재밌는데 별점이 왜이리 낮은고,1 (0.998),,,,,"이 리뷰는 특정 영화 요소가 뚜렷하게 감지되지 않음에 대한 의견을 포함하며, 전체 감성은 1로 분석되었습니다. 핵심 의견: 재밌는데 별점이 왜이리 낮은고"
9671124,1%라도 기대했던 내가 죄인입니다 죄인입니다....,0,negative,1%라도 기대했던 내가 죄인입니다 죄인입니다....,1%라도 기대했던 내가 죄인입니다 죄인입니다....,0 (0.988),1%라도 기대했던 내가 죄인입니다 죄인입니다 / 관련도 점수: 0.493,,,,"이 리뷰는 plot에 대한 의견을 포함하며, 전체 감성은 0로 분석되었습니다. 핵심 의견: 1%라도 기대했던 내가 죄인입니다 죄인입니다...."
5712231,아직도 이 드라마는 내인생의 최고!,1,positive,아직도 이 드라마는 내인생의 최고!,아직도 이 드라마는 내인생의 최고!,1 (0.999),아직도 이 드라마는 내인생의 최고 / 관련도 점수: 0.992,아직도 이 드라마는 내인생의 최고 / 관련도 점수: 0.898,,,"이 리뷰는 plot, acting에 대한 의견을 포함하며, 전체 감성은 1로 분석되었습니다. 핵심 의견: 아직도 이 드라마는 내인생의 최고!"
4726746,패션에 대한 열정! 안나 윈투어!,1,positive,패션에 대한 열정! 안나 윈투어!,패션에 대한 열정! 안나 윈투어!,1 (0.999),,안나 윈투어 / 관련도 점수: 0.353,,,"이 리뷰는 acting에 대한 의견을 포함하며, 전체 감성은 1로 분석되었습니다. 핵심 의견: 패션에 대한 열정! 안나 윈투어!"
7203432,키이라 나이틀리가 연기하고자 했던건 대체 정신장애일까 틱장애일까,0,negative,키이라 나이틀리가 연기하고자 했던건 대체 정신장애일까 틱장애일까,키이라 나이틀리가 연기하고자 했던건 대체 정신장애일까 틱장애일까,0 (0.999),키이라 나이틀리가 연기하고자 했던건 대체 정신장애일까 틱장애일까 / 관련도 점수: 0.632,키이라 나이틀리가 연기하고자 했던건 대체 정신장애일까 틱장애일까 / 관련도 점수: 0.918,키이라 나이틀리가 연기하고자 했던건 대체 정신장애일까 틱장애일까 / 관련도 점수: 0.833,,"이 리뷰는 plot, acting, cinematography에 대한 의견을 포함하며, 전체 감성은 0로 분석되었습니다. 핵심 의견: 키이라 나이틀리가 연기하고자 했던건 대체 정신장애일까 틱장애일까"
112724,허허...원작가 정신나간 유령이라... 재미있겠네요!,1,positive,허허...원작가 정신나간 유령이라... 재미있겠네요!,허허...원작가 정신나간 유령이라... 재미있겠네요!,1 (0.991),허허 / 관련도 점수: 0.393 | 원작가 정신나간 유령이라 / 관련도 점수: 0.7 | 재미있겠네요 / 관련도 점수: 0.636,재미있겠네요 / 관련도 점수: 0.401,재미있겠네요 / 관련도 점수: 0.551,,"이 리뷰는 plot, acting, cinematography에 대한 의견을 포함하며, 전체 감성은 1로 분석되었습니다. 핵심 의견: 허허...원작가 정신나간 유령이라... 재미있겠네요!"
1105872,포스터는 있어보이는데 관객은 114명이네,0,negative,포스터는 있어보이는데 관객은 114명이네,포스터는 있어보이는데 관객은 114명이네,0 (0.994),포스터는 있어보이는데 관객은 114명이네 / 관련도 점수: 0.655,,포스터는 있어보이는데 관객은 114명이네 / 관련도 점수: 0.734,,"이 리뷰는 plot, cinematography에 대한 의견을 포함하며, 전체 감성은 0로 분석되었습니다. 핵심 의견: 포스터는 있어보이는데 관객은 114명이네"
4805788,이 영화가 왜 이렇게 저평가 받는지 모르겠다,1,positive,이 영화가 왜 이렇게 저평가 받는지 모르겠다,이 영화가 왜 이렇게 저평가 받는지 모르겠다,1 (0.999),이 영화가 왜 이렇게 저평가 받는지 모르겠다 / 관련도 점수: 0.523,,이 영화가 왜 이렇게 저평가 받는지 모르겠다 / 관련도 점수: 0.965,,"이 리뷰는 plot, cinematography에 대한 의견을 포함하며, 전체 감성은 1로 분석되었습니다. 핵심 의견: 이 영화가 왜 이렇게 저평가 받는지 모르겠다"
9336496,단순하면서 은은한 매력의 영화,1,positive,단순하면서 은은한 매력의 영화,단순하면서 은은한 매력의 영화,1 (0.996),단순하면서 은은한 매력의 영화 / 관련도 점수: 0.894,,단순하면서 은은한 매력의 영화 / 관련도 점수: 0.974,,"이 리뷰는 plot, cinematography에 대한 의견을 포함하며, 전체 감성은 1로 분석되었습니다. 핵심 의견: 단순하면서 은은한 매력의 영화"
9994900,'다 알바생인가 내용도 없고 무서운거도 없고 웃긴거도 하나도 없음 완전 별싱거운 영화.ㅇ.ㅇ내ㅇ시간 넘 아까움 .. . 완전 낚임,0,negative,'다 알바생인가 내용도 없고 무서운거도 없고 웃긴거도 하나도 없음 완전 별싱거운 영화.ㅇ.ㅇ내ㅇ시간 넘 아까움 .. . 완전 낚임,'다 알바생인가 내용도 없고 무서운거도 없고 웃긴거도 하나도 없음 완전 별싱거운 영화.ㅇ.ㅇ내ㅇ시간 넘 아까움 .. . 완전 낚임,0 (0.999),ㅇ / 관련도 점수: 0.357 | 완전 낚임 / 관련도 점수: 0.619,ㅇ / 관련도 점수: 0.516 | 완전 낚임 / 관련도 점수: 0.535,'다 알바생인가 내용도 없고 무서운거도 없고 웃긴거도 하나도 없음 완전 별싱거운 영화 / 관련도 점수: 0.861,,"이 리뷰는 plot, acting, cinematography에 대한 의견을 포함하며, 전체 감성은 0로 분석되었습니다. 핵심 의견: '다 알바생인가 내용도 없고 무서운거도 없고 웃긴거도 하나도 없음 완전 별싱거운 영화.ㅇ.ㅇ내ㅇ시간 넘 아까움 .. . 완전 낚임"
6760577,오게두어라! 서리한이 굶주렸다!,1,positive,오게두어라! 서리한이 굶주렸다!,오게두어라! 서리한이 굶주렸다!,1 (0.991),오게두어라 / 관련도 점수: 0.37 | 서리한이 굶주렸다 / 관련도 점수: 0.356,오게두어라 / 관련도 점수: 0.461 | 서리한이 굶주렸다 / 관련도 점수: 0.582,,,"이 리뷰는 plot, acting에 대한 의견을 포함하며, 전체 감성은 1로 분석되었습니다. 핵심 의견: 오게두어라! 서리한이 굶주렸다!"
3440864,정말 맘에 들어요. 그래서 또 보고싶은데 또 보는 방법이 없네? >.. ㅜㅡ,1,positive,정말 맘에 들어요. 그래서 또 보고싶은데 또 보는 방법이 없네? >.. ㅜㅡ,정말 맘에 들어요. 그래서 또 보고싶은데 또 보는 방법이 없네? >.. ㅜㅡ,1 (0.999),정말 맘에 들어요 / 관련도 점수: 0.359 | ㅜㅡ / 관련도 점수: 0.357,정말 맘에 들어요 / 관련도 점수: 0.578 | > / 관련도 점수: 0.401 | ㅜㅡ / 관련도 점수: 0.516,정말 맘에 들어요 / 관련도 점수: 0.367,,"이 리뷰는 plot, acting, cinematography에 대한 의견을 포함하며, 전체 감성은 1로 분석되었습니다. 핵심 의견: 정말 맘에 들어요. 그래서 또 보고싶은데 또 보는 방법이 없네? >.. ㅜㅡ"
8548510,윤제문이라는 멋진 배우를 발견하게 됐어요. 소소한 일탈이 잔잔한 미소를 머금게 합니다. 음악은 조금 아쉽네요ㅠㅠ 8점 주고 싶은데 평점 올리고 싶어 10점 줄게요^^,1,positive,윤제문이라는 멋진 배우를 발견하게 됐어요. 소소한 일탈이 잔잔한 미소를 머금게 합니다. 음악은 조금 아쉽네요ㅠㅠ 8점 주고 싶은데 평점 올리고 싶어 10점 줄게요^^,윤제문이라는 멋진 배우를 발견하게 됐어요. 소소한 일탈이 잔잔한 미소를 머금게 합니다. 음악은 조금 아쉽네요ㅠㅠ 8점 주고 싶은데 평점 올리고 싶어 10점 줄게요^^,1 (0.999),,윤제문이라는 멋진 배우를 발견하게 됐어요 / 관련도 점수: 0.976 | 소소한 일탈이 잔잔한 미소를 머금게 합니다 / 관련도 점수: 0.745,소소한 일탈이 잔잔한 미소를 머금게 합니다 / 관련도 점수: 0.394,음악은 조금 아쉽네요ㅠㅠ 8점 주고 싶은데 평점 올리고 싶어 10점 줄게요^^ / 관련도 점수: 0.949,"이 리뷰는 acting, cinematography, soundtrack에 대한 의견을 포함하며, 전체 감성은 1로 분석되었습니다. 핵심 의견: 윤제문이라는 멋진 배우를 발견하게 됐어요. 소소한 일탈이 잔잔한 미소를 머금게 합니다. 음악은 조금 아쉽네요ㅠㅠ 8점 주고 싶은데 평점 올리고 싶어 10점 줄게요^^"
7719892,평점에속지마시길시간낭비 돈낭비임,0,negative,평점에속지마시길시간낭비 돈낭비임,평점에속지마시길시간낭비 돈낭비임,0 (0.999),,,,,"이 리뷰는 특정 영화 요소가 뚜렷하게 감지되지 않음에 대한 의견을 포함하며, 전체 감성은 0로 분석되었습니다. 핵심 의견: 평점에속지마시길시간낭비 돈낭비임"
9440670,리얼리티가 뛰어나긴 한데 큰 공감은 안간다. 이민기캐릭터는 정신의학상 분노조절장애 초기 증상일거다. 툭하면 사람패고 욕하고 물건 파손하고.. 조금 오바였음. 극 초반엔 신선했는데 가면 갈수록 이민기 정신상태 공감불가.,0,negative,리얼리티가 뛰어나긴 한데 큰 공감은 안간다. 이민기캐릭터는 정신의학상 분노조절장애 초기 증상일거다. 툭하면 사람패고 욕하고 물건 파손하고.. 조금 오바였음. 극 초반엔 신선했는데 가면 갈수록 이민기 정신상태 공감불가.,리얼리티가 뛰어나긴 한데 큰 공감은 안간다. 이민기캐릭터는 정신의학상 분노조절장애 초기 증상일거다. 툭하면 사람패고 욕하고 물건 파손하고.. 조금 오바였음. 극 초반엔 신선했는데 가면 갈수록 이민기 정신상태 공감불가.,0 (1.0),툭하면 사람패고 욕하고 물건 파손하고 / 관련도 점수: 0.793 | 조금 오바였음 / 관련도 점수: 0.617 | 극 초반엔 신선했는데 가면 갈수록 이민기 정신상태 공감불가 / 관련도 점수: 0.884,툭하면 사람패고 욕하고 물건 파손하고 / 관련도 점수: 0.961 | 조금 오바였음 / 관련도 점수: 0.517 | 극 초반엔 신선했는데 가면 갈수록 이민기 정신상태 공감불가 / 관련도 점수: 0.796,극 초반엔 신선했는데 가면 갈수록 이민기 정신상태 공감불가 / 관련도 점수: 0.827,,"이 리뷰는 plot, acting, cinematography에 대한 의견을 포함하며, 전체 감성은 0로 분석되었습니다. 핵심 의견: 리얼리티가 뛰어나긴 한데 큰 공감은 안간다. 이민기캐릭터는 정신의학상 분노조절장애 초기 증상일거다. 툭하면 사람패고 욕하고 물건 파손하고.. 조금 오바였음. 극 초반엔 신선했는데 가면 갈수록 이민기 정신상태 공감불가."
7991636,마이너스는 왜없냐 ㅋ 뮤비 보고 영화수준 딱 알만하더군 ㅉㅉ 북한에서 이런거 만들라고 돈 대주던?,0,negative,마이너스는 왜없냐  뮤비 보고 영화수준 딱 알만하더군 ㅉㅉ 북한에서 이런거 만들라고 돈 대주던?,마이너스는 왜없냐  뮤비 보고 영화수준 딱 알만하더군 ㅉㅉ 북한에서 이런거 만들라고 돈 대주던?,0 (0.999),,,마이너스는 왜없냐  뮤비 보고 영화수준 딱 알만하더군 ㅉㅉ 북한에서 이런거 만들라고 돈 대주던 / 관련도 점수: 0.938,마이너스는 왜없냐  뮤비 보고 영화수준 딱 알만하더군 ㅉㅉ 북한에서 이런거 만들라고 돈 대주던 / 관련도 점수: 0.979,"이 리뷰는 cinematography, soundtrack에 대한 의견을 포함하며, 전체 감성은 0로 분석되었습니다. 핵심 의견: 마이너스는 왜없냐  뮤비 보고 영화수준 딱 알만하더군 ㅉㅉ 북한에서 이런거 만들라고 돈 대주던?"
4679407,난 우리영화를 사랑합니다....^^;,0,negative,난 우리영화를 사랑합니다....^^;,난 우리영화를 사랑합니다....^^;,1 (0.891),난 우리영화를 사랑합니다 / 관련도 점수: 0.707,난 우리영화를 사랑합니다 / 관련도 점수: 0.415,난 우리영화를 사랑합니다 / 관련도 점수: 0.994,,"이 리뷰는 plot, acting, cinematography에 대한 의견을 포함하며, 전체 감성은 1로 분석되었습니다. 핵심 의견: 난 우리영화를 사랑합니다....^^;"
9837767,"데너리스 타르 가르엔...나도 용의주인이 되고 싶다...누이랑,근친상간이나 하고 다닐지라도,소설 속에선 제일 멋진 놈이 자이메 라니스터였는데,드라마속에선,드래곤(용)이 제일 멋지네(웃음)감독님 토르-2 다크 월드는 말아 잡수셨을지라도,기본 선방은 했음",1,positive,"데너리스 타르 가르엔...나도 용의주인이 되고 싶다...누이랑,근친상간이나 하고 다닐지라도,소설 속에선 제일 멋진 놈이 자이메 라니스터였는데,드라마속에선,드래곤(용)이 제일 멋지네(웃음)감독님 토르-2 다크 월드는 말아 잡수셨을지라도,기본 선방은 했음","데너리스 타르 가르엔...나도 용의주인이 되고 싶다...누이랑,근친상간이나 하고 다닐지라도,소설 속에선 제일 멋진 놈이 자이메 라니스터였는데,드라마속에선,드래곤(용)이 제일 멋지네(웃음)감독님 토르-2 다크 월드는 말아 잡수셨을지라도,기본 선방은 했음",1 (0.993),데너리스 타르 가르엔 / 관련도 점수: 0.454 | 나도 용의주인이 되고 싶다 / 관련도 점수: 0.924 | 누이랑 / 관련도 점수: 0.573 | 소설 속에선 제일 멋진 놈이 자이메 라니스터였는데 / 관련도 점수: 0.798 | 드라마속에선 / 관련도 점수: 0.935 | 드래곤(용)이 제일 멋지네(웃음)감독님 토르-2 다크 월드는 말아 잡수셨을지라도 / 관련도 점수: 0.759 | 기본 선방은 했음 / 관련도 점수: 0.373,나도 용의주인이 되고 싶다 / 관련도 점수: 0.923 | 누이랑 / 관련도 점수: 0.449 | 근친상간이나 하고 다닐지라도 / 관련도 점수: 0.951 | 드라마속에선 / 관련도 점수: 0.606 | 드래곤(용)이 제일 멋지네(웃음)감독님 토르-2 다크 월드는 말아 잡수셨을지라도 / 관련도 점수: 0.637 | 기본 선방은 했음 / 관련도 점수: 0.994,드래곤(용)이 제일 멋지네(웃음)감독님 토르-2 다크 월드는 말아 잡수셨을지라도 / 관련도 점수: 0.958,,"이 리뷰는 plot, acting, cinematography에 대한 의견을 포함하며, 전체 감성은 1로 분석되었습니다. 핵심 의견: 데너리스 타르 가르엔...나도 용의주인이 되고 싶다...누이랑,근친상간이나 하고 다닐지라도,소설 속에선 제일 멋진 놈이 자이메 라니스터였는데,드라마속에선,드래곤(용)이 제일 멋지네(웃음)감독님 토르-2 다크 월드는 말아 잡수셨을지라도,기본 선방은 했음"
9063648,영화가 사람의 영혼을 어루만져 줄 수도 있군요 거친 세상사를 잠시 잊고 동화같은 영화에 행복했네요,1,positive,영화가 사람의 영혼을 어루만져 줄 수도 있군요 거친 세상사를 잠시 잊고 동화같은 영화에 행복했네요,영화가 사람의 영혼을 어루만져 줄 수도 있군요 거친 세상사를 잠시 잊고 동화같은 영화에 행복했네요,1 (1.0),영화가 사람의 영혼을 어루만져 줄 수도 있군요 거친 세상사를 잠시 잊고 동화같은 영화에 행복했네요 / 관련도 점수: 0.772,,영화가 사람의 영혼을 어루만져 줄 수도 있군요 거친 세상사를 잠시 잊고 동화같은 영화에 행복했네요 / 관련도 점수: 0.967,,"이 리뷰는 plot, cinematography에 대한 의견을 포함하며, 전체 감성은 1로 분석되었습니다. 핵심 의견: 영화가 사람의 영혼을 어루만져 줄 수도 있군요 거친 세상사를 잠시 잊고 동화같은 영화에 행복했네요"
8272095,야 세르게이! 작은고추의 매운맛을 보여주마! 포퐁저그 콩진호가 간다,0,negative,야 세르게이! 작은고추의 매운맛을 보여주마! 포퐁저그 콩진호가 간다,야 세르게이! 작은고추의 매운맛을 보여주마! 포퐁저그 콩진호가 간다,0 (0.995),야 세르게이 / 관련도 점수: 0.555 | 작은고추의 매운맛을 보여주마 / 관련도 점수: 0.634 | 포퐁저그 콩진호가 간다 / 관련도 점수: 0.876,야 세르게이 / 관련도 점수: 0.484 | 작은고추의 매운맛을 보여주마 / 관련도 점수: 0.75 | 포퐁저그 콩진호가 간다 / 관련도 점수: 0.438,포퐁저그 콩진호가 간다 / 관련도 점수: 0.498,야 세르게이 / 관련도 점수: 0.476,"이 리뷰는 plot, acting, cinematography, soundtrack에 대한 의견을 포함하며, 전체 감성은 0로 분석되었습니다. 핵심 의견: 야 세르게이! 작은고추의 매운맛을 보여주마! 포퐁저그 콩진호가 간다"
2345905,이렇게 가슴시리게 본 드라마가 또 있을까? 감동 그 자체!,1,positive,이렇게 가슴시리게 본 드라마가 또 있을까? 감동 그 자체!,이렇게 가슴시리게 본 드라마가 또 있을까? 감동 그 자체!,1 (1.0),이렇게 가슴시리게 본 드라마가 또 있을까 / 관련도 점수: 0.791,감동 그 자체 / 관련도 점수: 0.655,,,"이 리뷰는 plot, acting에 대한 의견을 포함하며, 전체 감성은 1로 분석되었습니다. 핵심 의견: 이렇게 가슴시리게 본 드라마가 또 있을까? 감동 그 자체!"
7865630,"난또 저 꼬마애가 무슨 원한이 깊길래.,. 했더니 OO 그냥 혼자 나대다 OO걸 어쩌라고.",0,negative,"난또 저 꼬마애가 무슨 원한이 깊길래.,. 했더니 OO 그냥 혼자 나대다 OO걸 어쩌라고.","난또 저 꼬마애가 무슨 원한이 깊길래.,. 했더니 OO 그냥 혼자 나대다 OO걸 어쩌라고.",0 (0.999),난또 저 꼬마애가 무슨 원한이 깊길래 / 관련도 점수: 0.677 | 했더니 OO 그냥 혼자 나대다 OO걸 어쩌라고 / 관련도 점수: 0.488,했더니 OO 그냥 혼자 나대다 OO걸 어쩌라고 / 관련도 점수: 0.983,,,"이 리뷰는 plot, acting에 대한 의견을 포함하며, 전체 감성은 0로 분석되었습니다. 핵심 의견: 난또 저 꼬마애가 무슨 원한이 깊길래.,. 했더니 OO 그냥 혼자 나대다 OO걸 어쩌라고."
7207064,재미있어요,1,positive,재미있어요,재미있어요,1 (0.978),재미있어요 / 관련도 점수: 0.522,,재미있어요 / 관련도 점수: 0.431,,"이 리뷰는 plot, cinematography에 대한 의견을 포함하며, 전체 감성은 1로 분석되었습니다. 핵심 의견: 재미있어요"
5719655,전 좋아요,1,positive,전 좋아요,전 좋아요,1 (0.995),전 좋아요 / 관련도 점수: 0.557,전 좋아요 / 관련도 점수: 0.56,전 좋아요 / 관련도 점수: 0.417,전 좋아요 / 관련도 점수: 0.455,"이 리뷰는 plot, acting, cinematography, soundtrack에 대한 의견을 포함하며, 전체 감성은 1로 분석되었습니다. 핵심 의견: 전 좋아요"
1651126,최고,0,negative,최고,최고,1 (0.994),,최고 / 관련도 점수: 0.371,,,"이 리뷰는 acting에 대한 의견을 포함하며, 전체 감성은 1로 분석되었습니다. 핵심 의견: 최고"
7246040,너무 충격적이엇다. 기분을 완전히 푹 꺼지게 하는 느낌... 활력이라고는 하나도 없는 너무나도 무거운....지독하고 차갑고 무자비하다. 그저 일본인들의 상상력은 정말 대단한거 같다는 생각이 든다.,1,positive,너무 충격적이엇다. 기분을 완전히 푹 꺼지게 하는 느낌... 활력이라고는 하나도 없는 너무나도 무거운....지독하고 차갑고 무자비하다. 그저 일본인들의 상상력은 정말 대단한거 같다는 생각이 든다.,너무 충격적이엇다. 기분을 완전히 푹 꺼지게 하는 느낌... 활력이라고는 하나도 없는 너무나도 무거운....지독하고 차갑고 무자비하다. 그저 일본인들의 상상력은 정말 대단한거 같다는 생각이 든다.,1 (0.999),너무 충격적이엇다 / 관련도 점수: 0.474 | 지독하고 차갑고 무자비하다 / 관련도 점수: 0.633,너무 충격적이엇다 / 관련도 점수: 0.378 | 기분을 완전히 푹 꺼지게 하는 느낌 / 관련도 점수: 0.427 | 지독하고 차갑고 무자비하다 / 관련도 점수: 0.672,,지독하고 차갑고 무자비하다 / 관련도 점수: 0.4,"이 리뷰는 plot, acting, soundtrack에 대한 의견을 포함하며, 전체 감성은 1로 분석되었습니다. 핵심 의견: 너무 충격적이엇다. 기분을 완전히 푹 꺼지게 하는 느낌... 활력이라고는 하나도 없는 너무나도 무거운....지독하고 차갑고 무자비하다. 그저 일본인들의 상상력은 정말 대단한거 같다는 생각이 든다."
717775,심심한영화.,0,negative,심심한영화.,심심한영화.,0 (0.999),심심한영화 / 관련도 점수: 0.854,,심심한영화 / 관련도 점수: 0.988,,"이 리뷰는 plot, cinematography에 대한 의견을 포함하며, 전체 감성은 0로 분석되었습니다. 핵심 의견: 심심한영화."
8317483,백봉기 언제나오나요?,1,positive,백봉기 언제나오나요?,백봉기 언제나오나요?,1 (0.999),백봉기 언제나오나요 / 관련도 점수: 0.658,,,,"이 리뷰는 plot에 대한 의견을 포함하며, 전체 감성은 1로 분석되었습니다. 핵심 의견: 백봉기 언제나오나요?"
1031725,보는내내 그대로 들어맞는 예측 카리스마 없는 악역,0,negative,보는내내 그대로 들어맞는 예측 카리스마 없는 악역,보는내내 그대로 들어맞는 예측 카리스마 없는 악역,0 (0.999),보는내내 그대로 들어맞는 예측 카리스마 없는 악역 / 관련도 점수: 0.984,보는내내 그대로 들어맞는 예측 카리스마 없는 악역 / 관련도 점수: 0.992,보는내내 그대로 들어맞는 예측 카리스마 없는 악역 / 관련도 점수: 0.778,,"이 리뷰는 plot, acting, cinematography에 대한 의견을 포함하며, 전체 감성은 0로 분석되었습니다. 핵심 의견: 보는내내 그대로 들어맞는 예측 카리스마 없는 악역"
3993146,불알이 나와서 당황...아무튼 영화가 중간에 끝나는 느낌,0,negative,불알이 나와서 당황...아무튼 영화가 중간에 끝나는 느낌,불알이 나와서 당황...아무튼 영화가 중간에 끝나는 느낌,0 (0.992),불알이 나와서 당황 / 관련도 점수: 0.8 | 아무튼 영화가 중간에 끝나는 느낌 / 관련도 점수: 0.926,불알이 나와서 당황 / 관련도 점수: 0.728,아무튼 영화가 중간에 끝나는 느낌 / 관련도 점수: 0.942,,"이 리뷰는 plot, acting, cinematography에 대한 의견을 포함하며, 전체 감성은 0로 분석되었습니다. 핵심 의견: 불알이 나와서 당황...아무튼 영화가 중간에 끝나는 느낌"
2196616,평범함속에 녹아든 평범한 일상. 조금 밋밋한게 흠.,0,negative,평범함속에 녹아든 평범한 일상. 조금 밋밋한게 흠.,평범함속에 녹아든 평범한 일상. 조금 밋밋한게 흠.,0 (0.996),,,,평범함속에 녹아든 평범한 일상 / 관련도 점수: 0.829,"이 리뷰는 soundtrack에 대한 의견을 포함하며, 전체 감성은 0로 분석되었습니다. 핵심 의견: 평범함속에 녹아든 평범한 일상. 조금 밋밋한게 흠."
8203798,보던거라 계속보고있는데 전개도 느리고 주인공인 은희는 한두컷 나오면서 소극적인모습에 짜증이 ㅜㅜ 맨날 언제끝나나 기대만하고있어요 전개좀 빨리빨리 ㅜㅜ,0,negative,보던거라 계속보고있는데 전개도 느리고 주인공인 은희는 한두컷 나오면서 소극적인모습에 짜증이 ㅜㅜ 맨날 언제끝나나 기대만하고있어요 전개좀 빨리빨리 ㅜㅜ,보던거라 계속보고있는데 전개도 느리고 주인공인 은희는 한두컷 나오면서 소극적인모습에 짜증이 ㅜㅜ 맨날 언제끝나나 기대만하고있어요 전개좀 빨리빨리 ㅜㅜ,0 (1.0),보던거라 계속보고있는데 전개도 느리고 주인공인 은희는 한두컷 나오면서 소극적인모습에 짜증이 ㅜㅜ 맨날 언제끝나나 기대만하고있어요 전개좀 빨리빨리 ㅜㅜ / 관련도 점수: 0.889,보던거라 계속보고있는데 전개도 느리고 주인공인 은희는 한두컷 나오면서 소극적인모습에 짜증이 ㅜㅜ 맨날 언제끝나나 기대만하고있어요 전개좀 빨리빨리 ㅜㅜ / 관련도 점수: 0.885,보던거라 계속보고있는데 전개도 느리고 주인공인 은희는 한두컷 나오면서 소극적인모습에 짜증이 ㅜㅜ 맨날 언제끝나나 기대만하고있어요 전개좀 빨리빨리 ㅜㅜ / 관련도 점수: 0.792,,"이 리뷰는 plot, acting, cinematography에 대한 의견을 포함하며, 전체 감성은 0로 분석되었습니다. 핵심 의견: 보던거라 계속보고있는데 전개도 느리고 주인공인 은희는 한두컷 나오면서 소극적인모습에 짜증이 ㅜㅜ 맨날 언제끝나나 기대만하고있어요 전개좀 빨리빨리 ㅜㅜ"
2332588,"사랑하고싶게하는,가슴속온감정을헤집어놓는영화예요정말최고.",1,positive,"사랑하고싶게하는,가슴속온감정을헤집어놓는영화예요정말최고.","사랑하고싶게하는,가슴속온감정을헤집어놓는영화예요정말최고.",1 (1.0),사랑하고싶게하는 / 관련도 점수: 0.721 | 가슴속온감정을헤집어놓는영화예요정말최고 / 관련도 점수: 0.965,사랑하고싶게하는 / 관련도 점수: 0.825,가슴속온감정을헤집어놓는영화예요정말최고 / 관련도 점수: 0.999,,"이 리뷰는 plot, acting, cinematography에 대한 의견을 포함하며, 전체 감성은 1로 분석되었습니다. 핵심 의견: 사랑하고싶게하는,가슴속온감정을헤집어놓는영화예요정말최고."
10084753,"많은 사람들이 이 다큐를 보고 우리나라 슬픈 현대사의 한 단면에 대해 깊이 생각하고 사죄하고 바로 잡기 위해 노력했으면 합니다. 말로만 듣던 보도연맹, 그 민간인 학살이 이정도 일 줄이야. 이건 명백한 살인입니다. 살인자들은 다 어디있나요?",1,positive,"많은 사람들이 이 다큐를 보고 우리나라 슬픈 현대사의 한 단면에 대해 깊이 생각하고 사죄하고 바로 잡기 위해 노력했으면 합니다. 말로만 듣던 보도연맹, 그 민간인 학살이 이정도 일 줄이야. 이건 명백한 살인입니다. 살인자들은 다 어디있나요?","많은 사람들이 이 다큐를 보고 우리나라 슬픈 현대사의 한 단면에 대해 깊이 생각하고 사죄하고 바로 잡기 위해 노력했으면 합니다. 말로만 듣던 보도연맹, 그 민간인 학살이 이정도 일 줄이야. 이건 명백한 살인입니다. 살인자들은 다 어디있나요?",1 (0.999),많은 사람들이 이 다큐를 보고 우리나라 슬픈 현대사의 한 단면에 대해 깊이 생각하고 사죄하고 바로 잡기 위해 노력했으면 합니다 / 관련도 점수: 0.444 | 그 민간인 학살이 이정도 일 줄이야 / 관련도 점수: 0.885 | 이건 명백한 살인입니다 / 관련도 점수: 0.998 | 살인자들은 다 어디있나요 / 관련도 점수: 0.675,이건 명백한 살인입니다 / 관련도 점수: 0.857,많은 사람들이 이 다큐를 보고 우리나라 슬픈 현대사의 한 단면에 대해 깊이 생각하고 사죄하고 바로 잡기 위해 노력했으면 합니다 / 관련도 점수: 0.933,,"이 리뷰는 plot, acting, cinematography에 대한 의견을 포함하며, 전체 감성은 1로 분석되었습니다. 핵심 의견: 많은 사람들이 이 다큐를 보고 우리나라 슬픈 현대사의 한 단면에 대해 깊이 생각하고 사죄하고 바로 잡기 위해 노력했으면 합니다. 말로만 듣던 보도연맹, 그 민간인 학살이 이정도 일 줄이야. 이건 명백한 살인입니다. 살인자들은 다 어디있나요?"
8518645,"예전 작품 캐릭터, 에피소드 재탕 삼탕 사골우려먹듯 우리고 내용은 산으로 가고 시청률은 아예안나오고 이제 70회중반인데 120부작이라니 ...",0,negative,"예전 작품 캐릭터, 에피소드 재탕 삼탕 사골우려먹듯 우리고 내용은 산으로 가고 시청률은 아예안나오고 이제 70회중반인데 120부작이라니 ...","예전 작품 캐릭터, 에피소드 재탕 삼탕 사골우려먹듯 우리고 내용은 산으로 가고 시청률은 아예안나오고 이제 70회중반인데 120부작이라니 ...",0 (1.0),에피소드 재탕 삼탕 사골우려먹듯 우리고 내용은 산으로 가고 시청률은 아예안나오고 이제 70회중반인데 120부작이라니 / 관련도 점수: 0.916,에피소드 재탕 삼탕 사골우려먹듯 우리고 내용은 산으로 가고 시청률은 아예안나오고 이제 70회중반인데 120부작이라니 / 관련도 점수: 0.794,에피소드 재탕 삼탕 사골우려먹듯 우리고 내용은 산으로 가고 시청률은 아예안나오고 이제 70회중반인데 120부작이라니 / 관련도 점수: 0.884,,"이 리뷰는 plot, acting, cinematography에 대한 의견을 포함하며, 전체 감성은 0로 분석되었습니다. 핵심 의견: 예전 작품 캐릭터, 에피소드 재탕 삼탕 사골우려먹듯 우리고 내용은 산으로 가고 시청률은 아예안나오고 이제 70회중반인데 120부작이라니 ..."
7956793,김남길의 백점짜리 연기력과 초반 몰입도에도 불구하고 지루하고 손예진 ㅈㅈ,0,negative,김남길의 백점짜리 연기력과 초반 몰입도에도 불구하고 지루하고 손예진 ㅈㅈ,김남길의 백점짜리 연기력과 초반 몰입도에도 불구하고 지루하고 손예진 ㅈㅈ,0 (0.999),,김남길의 백점짜리 연기력과 초반 몰입도에도 불구하고 지루하고 손예진 ㅈㅈ / 관련도 점수: 0.981,김남길의 백점짜리 연기력과 초반 몰입도에도 불구하고 지루하고 손예진 ㅈㅈ / 관련도 점수: 0.916,,"이 리뷰는 acting, cinematography에 대한 의견을 포함하며, 전체 감성은 0로 분석되었습니다. 핵심 의견: 김남길의 백점짜리 연기력과 초반 몰입도에도 불구하고 지루하고 손예진 ㅈㅈ"
3996917,재밌네 비슷한 영화를 안보신 분들한테는 재미있을 듯,1,positive,재밌네 비슷한 영화를 안보신 분들한테는 재미있을 듯,재밌네 비슷한 영화를 안보신 분들한테는 재미있을 듯,1 (0.998),재밌네 비슷한 영화를 안보신 분들한테는 재미있을 듯 / 관련도 점수: 0.587,,재밌네 비슷한 영화를 안보신 분들한테는 재미있을 듯 / 관련도 점수: 0.791,,"이 리뷰는 plot, cinematography에 대한 의견을 포함하며, 전체 감성은 1로 분석되었습니다. 핵심 의견: 재밌네 비슷한 영화를 안보신 분들한테는 재미있을 듯"
8128006,노래실력으로뽑는게 맞냐? 박시환이 mama나가면 진짜 망신이다,0,negative,노래실력으로뽑는게 맞냐? 박시환이 mama나가면 진짜 망신이다,노래실력으로뽑는게 맞냐? 박시환이 mama나가면 진짜 망신이다,0 (0.999),박시환이 mama나가면 진짜 망신이다 / 관련도 점수: 0.9,박시환이 mama나가면 진짜 망신이다 / 관련도 점수: 0.5,,노래실력으로뽑는게 맞냐 / 관련도 점수: 0.908,"이 리뷰는 plot, acting, soundtrack에 대한 의견을 포함하며, 전체 감성은 0로 분석되었습니다. 핵심 의견: 노래실력으로뽑는게 맞냐? 박시환이 mama나가면 진짜 망신이다"
2192046,아 일본영화 다이런건가?? 유치하다,0,negative,아 일본영화 다이런건가?? 유치하다,아 일본영화 다이런건가?? 유치하다,0 (1.0),아 일본영화 다이런건가 / 관련도 점수: 0.775 | 유치하다 / 관련도 점수: 0.451,유치하다 / 관련도 점수: 0.739,아 일본영화 다이런건가 / 관련도 점수: 0.98,,"이 리뷰는 plot, acting, cinematography에 대한 의견을 포함하며, 전체 감성은 0로 분석되었습니다. 핵심 의견: 아 일본영화 다이런건가?? 유치하다"
7250961,이틀만에 다 봤어요 재밌어요 근데 차 안에 물건 넣어 조작하려고 하면 차 안이 열려있다던지 집 안이 활짝 열려서 아무나 들어간다던가 문자를 조작하려고하면 비번이 안 걸려있고 ㅋㅋㅋ 그런 건 억지스러웠는데 그래도 내용 자체는 좋았어요,1,positive,이틀만에 다 봤어요 재밌어요 근데 차 안에 물건 넣어 조작하려고 하면 차 안이 열려있다던지 집 안이 활짝 열려서 아무나 들어간다던가 문자를 조작하려고하면 비번이 안 걸려있고  그런 건 억지스러웠는데 그래도 내용 자체는 좋았어요,이틀만에 다 봤어요 재밌어요 근데 차 안에 물건 넣어 조작하려고 하면 차 안이 열려있다던지 집 안이 활짝 열려서 아무나 들어간다던가 문자를 조작하려고하면 비번이 안 걸려있고  그런 건 억지스러웠는데 그래도 내용 자체는 좋았어요,1 (0.998),,차 안에 물건 넣어 조작하려고 하면 차 안이 열려있다던지 집 안이 활짝 열려서 아무나 들어간다던가 문자를 조작하려고하면 비번이 안 걸려있고  그런 건 억지스러웠는데 그래도 내용 자체는 좋았어요 / 관련도 점수: 0.463,이틀만에 다 봤어요 재밌어요 / 관련도 점수: 0.457,,"이 리뷰는 acting, cinematography에 대한 의견을 포함하며, 전체 감성은 1로 분석되었습니다. 핵심 의견: 이틀만에 다 봤어요 재밌어요 근데 차 안에 물건 넣어 조작하려고 하면 차 안이 열려있다던지 집 안이 활짝 열려서 아무나 들어간다던가 문자를 조작하려고하면 비번이 안 걸려있고  그런 건 억지스러웠는데 그래도 내용 자체는 좋았어요"
5679106,졸작,0,negative,졸작,졸작,0 (0.999),졸작 / 관련도 점수: 0.457,,,,"이 리뷰는 plot에 대한 의견을 포함하며, 전체 감성은 0로 분석되었습니다. 핵심 의견: 졸작"
9179128,재밋네요 달팽이가 빨라서 더 재밌었어요,1,positive,재밋네요 달팽이가 빨라서 더 재밌었어요,재밋네요 달팽이가 빨라서 더 재밌었어요,1 (0.978),재밋네요 달팽이가 빨라서 더 재밌었어요 / 관련도 점수: 0.649,재밋네요 달팽이가 빨라서 더 재밌었어요 / 관련도 점수: 0.479,,,"이 리뷰는 plot, acting에 대한 의견을 포함하며, 전체 감성은 1로 분석되었습니다. 핵심 의견: 재밋네요 달팽이가 빨라서 더 재밌었어요"
9048450,어설픈 전개 어이없는 결말,0,negative,어설픈 전개 어이없는 결말,어설픈 전개 어이없는 결말,0 (0.999),어설픈 전개 어이없는 결말 / 관련도 점수: 0.989,어설픈 전개 어이없는 결말 / 관련도 점수: 0.958,어설픈 전개 어이없는 결말 / 관련도 점수: 0.834,,"이 리뷰는 plot, acting, cinematography에 대한 의견을 포함하며, 전체 감성은 0로 분석되었습니다. 핵심 의견: 어설픈 전개 어이없는 결말"
8387244,부패한 로마노프 왕조를 기리는 뭣같은 영화... 온몸으로 항거했던 러시아 민중들이 그저 폭도냐,0,negative,부패한 로마노프 왕조를 기리는 뭣같은 영화... 온몸으로 항거했던 러시아 민중들이 그저 폭도냐,부패한 로마노프 왕조를 기리는 뭣같은 영화... 온몸으로 항거했던 러시아 민중들이 그저 폭도냐,0 (0.999),부패한 로마노프 왕조를 기리는 뭣같은 영화 / 관련도 점수: 0.917 | 온몸으로 항거했던 러시아 민중들이 그저 폭도냐 / 관련도 점수: 0.638,온몸으로 항거했던 러시아 민중들이 그저 폭도냐 / 관련도 점수: 0.803,부패한 로마노프 왕조를 기리는 뭣같은 영화 / 관련도 점수: 0.974,,"이 리뷰는 plot, acting, cinematography에 대한 의견을 포함하며, 전체 감성은 0로 분석되었습니다. 핵심 의견: 부패한 로마노프 왕조를 기리는 뭣같은 영화... 온몸으로 항거했던 러시아 민중들이 그저 폭도냐"
9803156,내용전개는 무난한 편이였구 잘 보았습니다 ^^,1,positive,내용전개는 무난한 편이였구 잘 보았습니다 ^^,내용전개는 무난한 편이였구 잘 보았습니다 ^^,1 (0.979),내용전개는 무난한 편이였구 잘 보았습니다 ^^ / 관련도 점수: 0.971,내용전개는 무난한 편이였구 잘 보았습니다 ^^ / 관련도 점수: 0.77,내용전개는 무난한 편이였구 잘 보았습니다 ^^ / 관련도 점수: 0.53,,"이 리뷰는 plot, acting, cinematography에 대한 의견을 포함하며, 전체 감성은 1로 분석되었습니다. 핵심 의견: 내용전개는 무난한 편이였구 잘 보았습니다 ^^"
2135015,매우 실망.....,0,negative,매우 실망.....,매우 실망.....,0 (1.0),매우 실망 / 관련도 점수: 0.407,,,,"이 리뷰는 plot에 대한 의견을 포함하며, 전체 감성은 0로 분석되었습니다. 핵심 의견: 매우 실망....."
7884025,한국영화 흥행코드: 갈등-갈등-계~에속 갈등-화해-감동- 평점 10점 남발- 흥행 뻔하지 뭐...,0,negative,한국영화 흥행코드: 갈등-갈등-계~에속 갈등-화해-감동- 평점 10점 남발- 흥행 뻔하지 뭐...,한국영화 흥행코드: 갈등-갈등-계~에속 갈등-화해-감동- 평점 10점 남발- 흥행 뻔하지 뭐...,0 (0.999),한국영화 흥행코드: 갈등-갈등-계~에속 갈등-화해-감동- 평점 10점 남발- 흥행 뻔하지 뭐 / 관련도 점수: 0.818,,한국영화 흥행코드: 갈등-갈등-계~에속 갈등-화해-감동- 평점 10점 남발- 흥행 뻔하지 뭐 / 관련도 점수: 0.976,한국영화 흥행코드: 갈등-갈등-계~에속 갈등-화해-감동- 평점 10점 남발- 흥행 뻔하지 뭐 / 관련도 점수: 0.983,"이 리뷰는 plot, cinematography, soundtrack에 대한 의견을 포함하며, 전체 감성은 0로 분석되었습니다. 핵심 의견: 한국영화 흥행코드: 갈등-갈등-계~에속 갈등-화해-감동- 평점 10점 남발- 흥행 뻔하지 뭐..."
9801316,아햏햏 아햏햏 아햏햏.,1,positive,아햏햏 아햏햏 아햏햏.,아햏햏 아햏햏 아햏햏.,1 (0.72),아햏햏 아햏햏 아햏햏 / 관련도 점수: 0.374,아햏햏 아햏햏 아햏햏 / 관련도 점수: 0.414,,,"이 리뷰는 plot, acting에 대한 의견을 포함하며, 전체 감성은 1로 분석되었습니다. 핵심 의견: 아햏햏 아햏햏 아햏햏."
2009382,뭐냐..시작하고 3분만에 나왔다. 리플릿 사진 보며 불안하더니만..,0,negative,뭐냐..시작하고 3분만에 나왔다. 리플릿 사진 보며 불안하더니만..,뭐냐..시작하고 3분만에 나왔다. 리플릿 사진 보며 불안하더니만..,0 (1.0),시작하고 3분만에 나왔다 / 관련도 점수: 0.364 | 리플릿 사진 보며 불안하더니만 / 관련도 점수: 0.36,시작하고 3분만에 나왔다 / 관련도 점수: 0.531,,시작하고 3분만에 나왔다 / 관련도 점수: 0.5,"이 리뷰는 plot, acting, soundtrack에 대한 의견을 포함하며, 전체 감성은 0로 분석되었습니다. 핵심 의견: 뭐냐..시작하고 3분만에 나왔다. 리플릿 사진 보며 불안하더니만.."
10112591,단연 최고라고 할수있지,1,positive,단연 최고라고 할수있지,단연 최고라고 할수있지,1 (0.998),,,단연 최고라고 할수있지 / 관련도 점수: 0.362,,"이 리뷰는 cinematography에 대한 의견을 포함하며, 전체 감성은 1로 분석되었습니다. 핵심 의견: 단연 최고라고 할수있지"
7280935,"감독이 럼먹고 영화를 만들었나보다.. 관객에게 뭘 말하는지도 모르겠고, 엉망진창 개진창이다.",0,negative,"감독이 럼먹고 영화를 만들었나보다.. 관객에게 뭘 말하는지도 모르겠고, 엉망진창 개진창이다.","감독이 럼먹고 영화를 만들었나보다.. 관객에게 뭘 말하는지도 모르겠고, 엉망진창 개진창이다.",0 (1.0),감독이 럼먹고 영화를 만들었나보다 / 관련도 점수: 0.502,엉망진창 개진창이다 / 관련도 점수: 0.362,감독이 럼먹고 영화를 만들었나보다 / 관련도 점수: 0.968 | 관객에게 뭘 말하는지도 모르겠고 / 관련도 점수: 0.414,,"이 리뷰는 plot, acting, cinematography에 대한 의견을 포함하며, 전체 감성은 0로 분석되었습니다. 핵심 의견: 감독이 럼먹고 영화를 만들었나보다.. 관객에게 뭘 말하는지도 모르겠고, 엉망진창 개진창이다."
5971506,이건 뭐냐? 우뢰매냐? ;;;,0,negative,이건 뭐냐? 우뢰매냐? ;;;,이건 뭐냐? 우뢰매냐? ;;;,0 (1.0),우뢰매냐 / 관련도 점수: 0.752 | ;;; / 관련도 점수: 0.393,,,,"이 리뷰는 plot에 대한 의견을 포함하며, 전체 감성은 0로 분석되었습니다. 핵심 의견: 이건 뭐냐? 우뢰매냐? ;;;"
9875922,정말쓰레기영화입니다,0,negative,정말쓰레기영화입니다,정말쓰레기영화입니다,0 (0.999),정말쓰레기영화입니다 / 관련도 점수: 0.834,,정말쓰레기영화입니다 / 관련도 점수: 0.991,,"이 리뷰는 plot, cinematography에 대한 의견을 포함하며, 전체 감성은 0로 분석되었습니다. 핵심 의견: 정말쓰레기영화입니다"
9850710,진정 위대한 영화 최고임,1,positive,진정 위대한 영화 최고임,진정 위대한 영화 최고임,1 (0.988),진정 위대한 영화 최고임 / 관련도 점수: 0.465,,진정 위대한 영화 최고임 / 관련도 점수: 0.981,,"이 리뷰는 plot, cinematography에 대한 의견을 포함하며, 전체 감성은 1로 분석되었습니다. 핵심 의견: 진정 위대한 영화 최고임"
1927486,별루 였다..,0,negative,별루 였다..,별루 였다..,0 (0.999),별루 였다 / 관련도 점수: 0.527,,,,"이 리뷰는 plot에 대한 의견을 포함하며, 전체 감성은 0로 분석되었습니다. 핵심 의견: 별루 였다.."
5023820,내일이 기대되는 `,1,positive,내일이 기대되는 `,내일이 기대되는 `,1 (0.999),내일이 기대되는 ` / 관련도 점수: 0.809,내일이 기대되는 ` / 관련도 점수: 0.457,,,"이 리뷰는 plot, acting에 대한 의견을 포함하며, 전체 감성은 1로 분석되었습니다. 핵심 의견: 내일이 기대되는 `"
1859380,근데 조미가 막문위 좋아한건가요??,1,positive,근데 조미가 막문위 좋아한건가요??,근데 조미가 막문위 좋아한건가요??,1 (0.975),조미가 막문위 좋아한건가요 / 관련도 점수: 0.567,조미가 막문위 좋아한건가요 / 관련도 점수: 0.466,조미가 막문위 좋아한건가요 / 관련도 점수: 0.499,조미가 막문위 좋아한건가요 / 관련도 점수: 0.724,"이 리뷰는 plot, acting, cinematography, soundtrack에 대한 의견을 포함하며, 전체 감성은 1로 분석되었습니다. 핵심 의견: 근데 조미가 막문위 좋아한건가요??"
1635552,ㅋㅋㅋ 진짜 골깜..ㅋㅋ 눈 부라릴때 쓰러짐..ㅋㅋ,1,positive,진짜 골깜.. 눈 부라릴때 쓰러짐..,진짜 골깜.. 눈 부라릴때 쓰러짐..,1 (0.993),진짜 골깜 / 관련도 점수: 0.896 | 눈 부라릴때 쓰러짐 / 관련도 점수: 0.605,진짜 골깜 / 관련도 점수: 0.353 | 눈 부라릴때 쓰러짐 / 관련도 점수: 0.77,진짜 골깜 / 관련도 점수: 0.386 | 눈 부라릴때 쓰러짐 / 관련도 점수: 0.65,,"이 리뷰는 plot, acting, cinematography에 대한 의견을 포함하며, 전체 감성은 1로 분석되었습니다. 핵심 의견: 진짜 골깜.. 눈 부라릴때 쓰러짐.."
7852366,성룡영화중 최악인듯 ㅋㅋ,0,negative,성룡영화중 최악인듯,성룡영화중 최악인듯,0 (0.999),성룡영화중 최악인듯 / 관련도 점수: 0.515,,성룡영화중 최악인듯 / 관련도 점수: 0.786,,"이 리뷰는 plot, cinematography에 대한 의견을 포함하며, 전체 감성은 0로 분석되었습니다. 핵심 의견: 성룡영화중 최악인듯"
9480003,골때리네ㅋㅋㅋㅋ 걸스데이 이혜리 잘 되라!,1,positive,골때리네 걸스데이 이혜리 잘 되라!,골때리네 걸스데이 이혜리 잘 되라!,1 (0.997),골때리네 걸스데이 이혜리 잘 되라 / 관련도 점수: 0.818,골때리네 걸스데이 이혜리 잘 되라 / 관련도 점수: 0.811,골때리네 걸스데이 이혜리 잘 되라 / 관련도 점수: 0.359,골때리네 걸스데이 이혜리 잘 되라 / 관련도 점수: 0.486,"이 리뷰는 plot, acting, cinematography, soundtrack에 대한 의견을 포함하며, 전체 감성은 1로 분석되었습니다. 핵심 의견: 골때리네 걸스데이 이혜리 잘 되라!"
1797212,서기가이뻐서,1,positive,서기가이뻐서,서기가이뻐서,1 (0.93),서기가이뻐서 / 관련도 점수: 0.585,서기가이뻐서 / 관련도 점수: 0.992,서기가이뻐서 / 관련도 점수: 0.506,,"이 리뷰는 plot, acting, cinematography에 대한 의견을 포함하며, 전체 감성은 1로 분석되었습니다. 핵심 의견: 서기가이뻐서"
6374262,완전 재밌어요ㅋㅋㅋㅋㅋ백인공주귀여움ㅋㅋㅋㅋㅋㅋ,1,positive,완전 재밌어요백인공주귀여움,완전 재밌어요백인공주귀여움,1 (0.995),완전 재밌어요백인공주귀여움 / 관련도 점수: 0.776,완전 재밌어요백인공주귀여움 / 관련도 점수: 0.519,완전 재밌어요백인공주귀여움 / 관련도 점수: 0.506,완전 재밌어요백인공주귀여움 / 관련도 점수: 0.532,"이 리뷰는 plot, acting, cinematography, soundtrack에 대한 의견을 포함하며, 전체 감성은 1로 분석되었습니다. 핵심 의견: 완전 재밌어요백인공주귀여움"
1607129,인상적인 영화였다,1,positive,인상적인 영화였다,인상적인 영화였다,1 (0.988),인상적인 영화였다 / 관련도 점수: 0.862,,인상적인 영화였다 / 관련도 점수: 0.993,,"이 리뷰는 plot, cinematography에 대한 의견을 포함하며, 전체 감성은 1로 분석되었습니다. 핵심 의견: 인상적인 영화였다"
8763660,어내스트와 셀레스틴 완전 강추에요~ 정말 재밌습니다^^,1,positive,어내스트와 셀레스틴 완전 강추에요~ 정말 재밌습니다^^,어내스트와 셀레스틴 완전 강추에요~ 정말 재밌습니다^^,1 (0.999),어내스트와 셀레스틴 완전 강추에요~ 정말 재밌습니다^^ / 관련도 점수: 0.414,어내스트와 셀레스틴 완전 강추에요~ 정말 재밌습니다^^ / 관련도 점수: 0.684,,어내스트와 셀레스틴 완전 강추에요~ 정말 재밌습니다^^ / 관련도 점수: 0.774,"이 리뷰는 plot, acting, soundtrack에 대한 의견을 포함하며, 전체 감성은 1로 분석되었습니다. 핵심 의견: 어내스트와 셀레스틴 완전 강추에요~ 정말 재밌습니다^^"
9361974,재미있는영화입니다.,1,positive,재미있는영화입니다.,재미있는영화입니다.,1 (0.948),재미있는영화입니다 / 관련도 점수: 0.924,,재미있는영화입니다 / 관련도 점수: 0.996,,"이 리뷰는 plot, cinematography에 대한 의견을 포함하며, 전체 감성은 1로 분석되었습니다. 핵심 의견: 재미있는영화입니다."
7928957,클라라볼라고화신본거아닌데,0,negative,클라라볼라고화신본거아닌데,클라라볼라고화신본거아닌데,0 (0.982),,,클라라볼라고화신본거아닌데 / 관련도 점수: 0.494,,"이 리뷰는 cinematography에 대한 의견을 포함하며, 전체 감성은 0로 분석되었습니다. 핵심 의견: 클라라볼라고화신본거아닌데"
10250221,진짜 보면서 너무 슬펐던 영화다,1,positive,진짜 보면서 너무 슬펐던 영화다,진짜 보면서 너무 슬펐던 영화다,1 (0.999),진짜 보면서 너무 슬펐던 영화다 / 관련도 점수: 0.936,,진짜 보면서 너무 슬펐던 영화다 / 관련도 점수: 0.954,,"이 리뷰는 plot, cinematography에 대한 의견을 포함하며, 전체 감성은 1로 분석되었습니다. 핵심 의견: 진짜 보면서 너무 슬펐던 영화다"
6122458,설정이 재밌고 새로운 에피소드 내에서 메인 스토리도 차차 나오는게 재밌음,1,positive,설정이 재밌고 새로운 에피소드 내에서 메인 스토리도 차차 나오는게 재밌음,설정이 재밌고 새로운 에피소드 내에서 메인 스토리도 차차 나오는게 재밌음,1 (0.999),설정이 재밌고 새로운 에피소드 내에서 메인 스토리도 차차 나오는게 재밌음 / 관련도 점수: 0.996,설정이 재밌고 새로운 에피소드 내에서 메인 스토리도 차차 나오는게 재밌음 / 관련도 점수: 0.379,설정이 재밌고 새로운 에피소드 내에서 메인 스토리도 차차 나오는게 재밌음 / 관련도 점수: 0.412,,"이 리뷰는 plot, acting, cinematography에 대한 의견을 포함하며, 전체 감성은 1로 분석되었습니다. 핵심 의견: 설정이 재밌고 새로운 에피소드 내에서 메인 스토리도 차차 나오는게 재밌음"
